{"accuracy": [0.5807241201400757, 0.8593499064445496, 0.9133366346359253, 0.9383028745651245, 0.9547194242477417, 0.9653744697570801, 0.9727292060852051, 0.973312497138977, 0.9797282814979553, 0.981677234172821], "loss": [1.4359586238861084, 0.4446069002151489, 0.2665954828262329, 0.18899111449718475, 0.13901039958000183, 0.10511430352926254, 0.0846293494105339, 0.07938848435878754, 0.06296824663877487, 0.05670991912484169], "val_accuracy": [0.8398019671440125, 0.9062144160270691, 0.9183928966522217, 0.9252788424491882, 0.9423514604568481, 0.9515706896781921, 0.9611313343048096, 0.9616435170173645, 0.9503756165504456, 0.9720578193664551], "val_loss": [0.5074020624160767, 0.29490360617637634, 0.25574442744255066, 0.23874539136886597, 0.18965786695480347, 0.1596144139766693, 0.12524791061878204, 0.1287536919116974, 0.1692756563425064, 0.09811548888683319]}